#,"Country,Other",TotalCases,NewCases,TotalDeaths,NewDeaths,TotalRecovered,NewRecovered,ActiveCases,"Serious,Critical",Tot Cases/1M pop,Deaths/1M pop,TotalTests,Tests/,1M pop,,Population,Continent,1 Caseevery X ppl1 Deathevery X ppl1 Testevery X ppl,New Cases/1M pop,New Deaths/1M pop,Active Cases/1M pop
1,USA,"99,495,614","+27,120","1,096,700 ",+225,"97,015,275","+33,167","1,383,639","2,644","297,175","3,276","1,129,246,892","3,372,847","334,805,269 ",North America,33050,81,0.7,"4,133"
2,India,"44,656,725",+897,"529,077 ",,"44,109,133",,"18,515",698,"31,747",376,"901,093,208","640,603","1,406,631,776 ",Asia,"312,6592",0.6,,13
3,France,"36,848,601","+5,691","157,144 ",+97,"35,945,498","+64,165","745,959",869,"561,849","2,396","271,490,188","4,139,547","65,584,518 ",Europe,24170,87,1,"11,374"
4,Germany,"35,649,648",,"153,814  ",,"34,126,000","+126,500","1,369,834","1,406","424,990","1,834","122,332,384","1,458,359","83,883,596 ",Europe,25451,,,"16,330"
5,Brazil,"34,882,932","+4,267","688,300 ",+30,"34,060,670",,"133,962","8,318","161,980","3,196","63,776,166","296,146","215,353,593 ",South America,63133,20,0.1,622
6,S. Korea,"25,670,407","+54,740","29,239 ",+30,"25,069,787","+22,724","571,381",303,"500,106",570,"15,804,065","307,892","51,329,899 ",Asia,"21,7563","1,066",0.6,"11,132"
7,UK,"23,898,489",,"193,673 ",,"23,550,098","+10,170","154,718",146,"348,894","2,827","522,526,476","7,628,357","68,497,907 ",Europe,33540,,,"2,259"
8,Italy,"23,531,023",,"179,101 ",,"22,884,717",,"467,205",227,"390,474","2,972","252,677,943","4,192,936","60,262,770 ",Europe,33360,,,"7,753"
9,Japan,"22,432,840","+70,396","46,781 ",+70,"20,501,141","+1,684","1,884,918",141,"178,627",373,"77,588,752","617,819","125,584,838 ",Asia,"62,6852",561,0.6,"15,009"
10,Russia,"21,441,143","+6,385","390,315 ",+68,"20,822,746","+10,241","228,082","2,300","147,053","2,677","273,400,000","1,875,095","145,805,947 ",Europe,73741,44,0.5,"1,564"
11,Turkey,"16,919,638",,"101,203 ",,"16,818,435",,0,,"197,747","1,183","162,743,369","1,902,052","85,561,976 ",Asia,58451,,,
12,Spain,"13,511,768",,"115,078 ",,"13,294,994",,"101,696",339,"289,213","2,463","471,036,328","10,082,298","46,719,142 ",Europe,34060,,,"2,177"
13,Vietnam,"11,504,091",+756,"43,165 ",+1,"10,603,942",+344,"856,984",53,"116,257",436,"85,826,548","867,342","98,953,541 ",Asia,"92,2921",8,0.01,"8,660"
14,Australia,"10,381,125","+1,683","15,665 ",,"10,216,900",,"148,560",48,"398,220",601,"78,835,048","3,024,116","26,068,792 ",Australia/Oceania,"31,6640",65,,"5,699"
15,Argentina,"9,718,875",,"129,991 ",,"9,583,870",+267,"5,014",246,"211,233","2,825","35,716,069","776,264","46,010,234 ",South America,53541,,,109
16,Netherlands,"8,517,666",,"22,824 ",,"8,412,947",,"81,895",49,"494,884","1,326","21,107,399","1,226,358","17,211,447 ",Europe,27541,,,"4,758"
17,Taiwan,"7,780,125","+33,184","12,929 ",+53,"7,037,827","+53,328","729,369",,"325,684",541,"27,793,575","1,163,466","23,888,595 ",Asia,"31,8481","1,389",2,"30,532"
18,Iran,"7,557,805",,"144,580 ",,"7,332,123",,"81,102",126,"87,858","1,681","54,358,591","631,909","86,022,837 ",Asia,115952,,,943
19,Mexico,"7,112,504","+1,385","330,410 ",+17,"6,385,240","+1,102","396,854","4,798","54,062","2,511","18,600,671","141,382","131,562,772 ",North America,183987,11,0.1,"3,016"
20,Indonesia,"6,502,659","+4,873","158,695 ",+32,"6,313,911","+2,050","30,053","2,771","23,296",569,"110,536,735","395,998","279,134,505 ",Asia,"431,7593",17,0.1,108
21,Poland,"6,341,449",+153,"118,131 ",,"5,335,940",,"887,378","1,530","168,031","3,130","37,643,596","997,451","37,739,785 ",Europe,63191,4,,"23,513"
22,Colombia,"6,309,716",,"141,837 ",,"6,137,878",,"30,001",342,"122,488","2,753","36,724,183","712,914","51,512,762 ",South America,83631,,,582
23,Portugal,"5,520,731",,"25,228 ",,"5,474,241","+1,343","21,262",61,"544,420","2,488","45,059,939","4,443,531","10,140,570 ",Europe,24020,,,"2,097"
24,Austria,"5,448,375","+4,015","20,990 ",,"5,375,537","+5,128","51,848",47,"600,921","2,315","200,256,001","22,086,953","9,066,710 ",Europe,24320,443,,"5,719"
25,Ukraine,"5,296,254",,"110,008 ",,"5,149,288","+2,864","36,958",,"122,621","2,547","32,603,805","754,855","43,192,122 ",Europe,83931,,,856
26,Greece,"5,135,200",,"33,574 ",,"5,078,817","+7,603","22,809",115,"497,759","3,254","96,922,532","9,394,780","10,316,637 ",Europe,23070,,,"2,211"
27,Malaysia,"4,909,846","+3,969","36,480 ",+2,"4,840,348","+2,696","33,018",63,"147,971","1,099","65,462,599","1,972,890","33,181,072 ",Asia,79101,120,0.06,995
28,DPRK,"4,772,813",,74 ,,"4,772,739",,0,,"183,636",3,,,"25,990,679 ",Asia,"5351,225",,,
29,Chile,"4,765,929","+3,156","61,677 ",,"4,695,082","+4,865","9,170",102,"247,578","3,204","46,187,440","2,399,323","19,250,195 ",South America,43120,164,,476
30,Thailand,"4,692,448",,"32,955 ",,"4,649,509",,"9,984","1,496","66,960",470,"17,270,775","246,450","70,078,203 ",Asia,"152,1264",,,142
31,Israel,"4,686,069",+837,"11,767 ",,"4,666,984",,"7,318",33,"502,474","1,262","41,373,364","4,436,346","9,326,000 ",Asia,27930,90,,785
32,Belgium,"4,612,239",,"32,902 ",,"4,520,126","+1,491","59,211",73,"395,280","2,820","35,922,340","3,078,633","11,668,278 ",Europe,33550,,,"5,075"
33,Canada,"4,336,860",,"46,389 ",,"4,216,238","+2,754","74,233",99,"112,973","1,208","65,722,182","1,712,031","38,388,419 ",North America,98281,,,"1,934"
34,Switzerland,"4,211,438",,"14,255 ",,"4,089,098",,"108,085",73,"480,011","1,625","22,653,313","2,581,975","8,773,637 ",Europe,26150,,,"12,319"
35,Czechia,"4,159,438","+1,102","41,613 ",+2,"4,111,033",+322,"6,792",37,"387,401","3,876","56,485,767","5,260,958","10,736,784 ",Europe,32580,103,0.2,633
36,Peru,"4,157,569",,"217,013 ",,"3,934,693",+291,"5,863",81,"123,428","6,443","35,755,880","1,061,503","33,684,208 ",South America,81551,,,174
37,South Africa,"4,029,027",+376,"102,311 ",,"3,912,506",,"14,210",192,"66,315","1,684","26,174,429","430,811","60,756,135 ",Africa,155942,6,,234
38,Philippines,"4,005,840",+775,"64,145 ",+36,"3,923,006","+1,298","18,689",562,"35,605",570,"33,311,059","296,075","112,508,994 ",Asia,"281,7543",7,0.3,166
39,Romania,"3,287,870",+476,"67,198 ",+3,"3,213,852",+874,"6,820",88,"172,761","3,531","25,491,191","1,339,433","19,031,335 ",Europe,62831,25,0.2,358
40,Denmark,"3,138,021",+464,"7,363 ",+9,"3,122,323","+1,030","8,335",1,"537,797","1,262","128,654,895","22,049,014","5,834,950 ",Europe,27920,80,2,"1,428"
41,Sweden,"2,611,580",,"20,628 ",,"2,578,411",+190,"12,541",10,"255,562","2,019","19,051,812","1,864,357","10,218,971 ",Europe,44951,,,"1,227"
42,Iraq,"2,461,484",,"25,358 ",,"2,435,765",,361,21,"58,377",601,"19,377,732","459,570","42,164,965 ",Asia,"171,6632",,,9
43,Serbia,"2,406,002",+856,"17,256 ",+6,"2,370,432","+1,166","18,314",20,"278,054","1,994","11,392,008","1,316,536","8,653,016 ",Europe,45011,99,0.7,"2,116"
44,Hungary,"2,141,513",,"47,938 ",,"2,061,999",,"31,576",25,"222,929","4,990","11,394,556","1,186,160","9,606,259 ",Europe,42001,,,"3,287"
45,Singapore,"2,112,110","+4,086","1,682  ",+2,"2,026,737","+3,364","83,691",16,"355,362",283,"24,618,507","4,142,057","5,943,546 ",Asia,"33,5340",687,0.3,"14,081"
46,Bangladesh,"2,035,517",+183,"29,424 ",,"1,981,357",+255,"24,736","1,331","12,124",175,"15,005,105","89,377","167,885,689 ",Asia,"825,70611",1,,147
47,Hong Kong,"1,927,835","+4,709","10,418 ",+8,"1,742,791","+3,654","174,626",13,"253,519","1,370","66,284,763","8,716,749","7,604,299 ",Asia,47300,619,1,"22,964"
48,Slovakia,"1,852,839",+55,"20,614 ",+5,"1,829,730",+376,"2,495",32,"339,336","3,775","7,333,893","1,343,156","5,460,193 ",Europe,32651,10,0.9,457
49,New Zealand,"1,851,689",,"3,103 ",,"1,829,106",,"19,480",,"378,034",633,"7,544,063","1,540,170","4,898,203 ",Australia/Oceania,"31,5791",,,"3,977"
50,Georgia,"1,780,691",,"16,900 ",,"1,637,293",,"126,498",,"448,679","4,258","16,920,079","4,263,340","3,968,738 ",Asia,22350,,,"31,874"
51,Jordan,"1,746,997",,"14,122 ",,"1,731,007",,"1,868",59,"169,597","1,371","17,201,885","1,669,945","10,300,869 ",Asia,67291,,,181
52,Ireland,"1,673,681",,"8,028 ",,"1,657,071",+304,"8,582",12,"333,389","1,599","12,787,190","2,547,148","5,020,199 ",Europe,36250,,,"1,709"
53,Pakistan,"1,574,167",+73,"30,627 ",+1,"1,538,689",,"4,851",51,"6,859",133,"30,570,862","133,213","229,488,994 ",Asia,"1467,4938",0.3,,21
54,Norway,"1,465,238",+136,"4,238 ",,"1,459,333",+77,"1,667",20,"265,857",769,"11,002,430","1,996,315","5,511,370 ",Europe,"41,3001",25,,302
55,Kazakhstan,"1,394,788",+35,"13,692 ",,"1,380,356",,740,24,"72,626",713,"11,575,012","602,707","19,205,043 ",Asia,"141,4032",2,,39
56,Finland,"1,348,737",,"6,568 ",,"1,310,897","+1,839","31,272",21,"242,799","1,182","11,648,041","2,096,872","5,554,960 ",Europe,48460,,,"5,630"
57,Bulgaria,"1,280,004",+409,"37,898 ",+10,"1,232,819","+1,071","9,287",61,"187,009","5,537","10,718,476","1,565,976","6,844,597 ",Europe,51811,60,1,"1,357"
58,Lithuania,"1,268,671",+36,"9,395 ",,"1,250,925",+740,"8,351",10,"476,638","3,530","10,224,340","3,841,270","2,661,708 ",Europe,22830,14,,"3,137"
59,Morocco,"1,265,732",+82,"16,281 ",,"1,249,166",+39,285,293,"33,509",431,"12,668,530","335,388","37,772,756 ",Africa,"302,3203",2,,8
60,Croatia,"1,247,242",+43,"17,156 ",+9,"1,227,999",+119,"2,087",11,"307,256","4,226","5,309,562","1,308,004","4,059,286 ",Europe,32371,11,2,514
61,Slovenia,"1,234,223",+293,"6,890 ",+1,"1,214,086","+1,756","13,247",16,"593,938","3,316","2,767,543","1,331,808","2,078,034 ",Europe,23021,141,0.5,"6,375"
62,Lebanon,"1,218,810",+31,"10,709 ",+1,"1,087,587",,"120,514",74,"182,324","1,602","4,795,578","717,380","6,684,849 ",Asia,56241,5,0.1,"18,028"
63,Tunisia,"1,146,593",,"29,259 ",,N/A,N/A,N/A,101,"95,179","2,429","4,966,900","412,305","12,046,656 ",Africa,114122,,,609
64,Guatemala,"1,140,672",+70,"19,895 ",+3,"1,119,791",+443,986,5,"61,379","1,071","6,112,584","328,916","18,584,039 ",North America,169343,4,0.2,53
65,Costa Rica,"1,135,713",,"8,999 ",,"860,711",,"266,003",52,"219,150","1,736","4,659,757","899,158","5,182,354 ",North America,55761,,,"51,329"
66,Cuba,"1,111,287",+1,"8,530 ",,"1,102,692",+2,65,23,"98,295",754,"14,184,566","1,254,644","11,305,652 ",North America,"101,3251",0.09,,6
67,Bolivia,"1,109,491",+30,"22,239 ",,"1,068,909",+507,"18,343",220,"92,514","1,854","2,705,422","225,590","11,992,656 ",South America,115394,3,,"1,530"
68,UAE,"1,038,228",+299,"2,348 ",,"1,017,228",+308,"18,652",,"102,981",233,"195,493,869","19,390,799","10,081,785 ",Asia,"104,2940",30,,"1,850"
69,Ecuador,"1,008,035",,"35,920 ",,"971,002",,"1,113",759,"55,651","1,983","3,082,403","170,173","18,113,361 ",South America,185046,,,61
70,Nepal,"1,000,631",+46,"12,019 ",,"988,059",+21,553,,"33,105",398,"5,958,956","197,149","30,225,582 ",Asia,"302,5155",2,,18
71,Belarus,"994,037",,"7,118 ",,"985,592",,"1,327",,"105,381",755,"13,646,641","1,446,722","9,432,800 ",Europe,"91,3251",,,141
72,Uruguay,"990,560",,"7,518 ",,"982,103",,939,18,"283,340","2,150","6,114,822","1,749,083","3,496,016 ",South America,44651,,,269
73,Panama,"990,413",,"8,509 ",,"980,898",,"1,006",16,"222,717","1,913","7,164,655","1,611,134","4,446,964 ",North America,45231,,,226
74,Mongolia,"985,112",+289,"2,179 ",,"981,965",+156,968,192,"291,619",645,"4,030,048","1,193,000","3,378,078 ",Asia,"31,5501",86,,287
75,Latvia,"953,337",+645,"6,056 ",,"940,056",+918,"7,225",3,"515,641","3,276","7,746,372","4,189,862","1,848,837 ",Europe,23050,349,,"3,908"
76,Azerbaijan,"823,369",+51,"9,951 ",+3,"813,117",+49,301,,"79,937",966,"7,325,464","711,196","10,300,205 ",Asia,"131,0351",5,0.3,29
77,Saudi Arabia,"822,976",+258,"9,412 ",+3,"809,002",+297,"4,562",83,"22,959",263,"44,630,016","1,245,087","35,844,909 ",Asia,"443,8081",7,0.08,127
78,Paraguay,"717,955",,"19,601 ",,"698,317",,37,7,"98,271","2,683","2,657,506","363,751","7,305,843 ",South America,103733,,,5
79,Bahrain,"690,760",+359,"1,529 ",,"686,827",+253,"2,404",1,"387,201",857,"10,498,710","5,884,983","1,783,983 ",Asia,"31,1670",201,,"1,348"
80,Sri Lanka,"671,125",+15,"16,781 ",,"654,268",+3,76,,"31,105",778,"6,486,117","300,619","21,575,842 ",Asia,"321,2863",0.7,,4
81,Kuwait,"662,073",,"2,568 ",,"659,017",,488,3,"151,147",586,"8,416,379","1,921,405","4,380,326 ",Asia,"71,7061",,,111
82,Dominican Republic,"647,205",,"4,384 ",,"642,571",,250,4,"58,537",397,"3,657,057","330,765","11,056,370 ",North America,"172,5223",,,23
83,Myanmar,"631,929",+213,"19,483  ",+1,"606,022","+8,124","6,424",,"11,442",353,"9,430,889","170,765","55,227,143 ",Asia,"872,8356",4,0.02,116
84,Palestine,"620,816",,"5,404 ",,"614,962",,450,17,"116,137","1,011","3,078,533","575,907","5,345,541 ",Asia,99892,,,84
85,Estonia,"607,230",,"2,748 ",,"524,990",,"79,492",6,"459,358","2,079","3,579,101","2,707,522","1,321,910 ",Europe,24810,,,"60,134"
86,Cyprus,"599,118",,"1,194 ",,"589,589",,"8,335",60,"489,721",976,"9,640,118","7,879,860","1,223,387 ",Asia,"21,0250",,,"6,813"
87,Moldova,"593,816",,"11,894 ",,"504,142",,"77,780",49,"147,967","2,964","3,216,305","801,437","4,013,171 ",Europe,73371,,,"19,381"
88,Venezuela,"545,926",,"5,820 ",,"539,531",,575,36,"18,653",199,"3,359,014","114,771","29,266,991 ",South America,"545,0299",,,20
89,Egypt,"515,645",,"24,613 ",,"442,182",,"48,850",122,"4,857",232,"3,693,367","34,792","106,156,692 ",Africa,"2064,31329",,,460
90,Libya,"507,051",,"6,437 ",,"500,571",,43,,"72,017",914,"2,483,005","352,662","7,040,745 ",Africa,"141,0943",,,6
91,Ethiopia,"493,988",+16,"7,572 ",,"472,106",+7,"14,310",2,"4,089",63,"5,318,924","44,026","120,812,698 ",Africa,"24515,95523",0.1,,118
92,Réunion,"473,724",,899 ,,"418,572",,"54,253",10,"521,687",990,"1,603,660","1,766,027","908,061 ",Africa,"21,0101",,,"59,746"
93,Qatar,"470,098",+389,684 ,,"467,412",+294,"2,002",2,"157,756",230,"4,044,959","1,357,408","2,979,915 ",Asia,"64,3571",131,,672
94,Honduras,"457,196",+208,"11,039 ",+2,N/A,N/A,N/A,105,"44,730","1,080","1,549,348","151,581","10,221,247 ",North America,229267,20,0.2,"30,682"
95,Armenia,"445,242",,"8,709 ",,"434,288",,"2,245",,"149,814","2,930","3,228,468","1,086,307","2,971,966 ",Asia,73411,,,755
96,Bosnia and Herzegovina,"399,993",+12,"16,177 ",+2,"377,819",,"5,997",,"123,101","4,979","1,874,540","576,903","3,249,317 ",Europe,82012,4,0.6,"1,846"
97,Oman,"398,775",,"4,260 ",,"384,669",,"9,846",2,"74,901",800,"25,000,000","4,695,724","5,323,993 ",Asia,"131,2500",,,"1,849"
98,North Macedonia,"344,146",,"9,564 ",,"334,335",,247,,"165,351","4,595","2,141,032","1,028,697","2,081,304 ",Europe,62181,,,119
99,Kenya,"339,350",+97,"5,678 ",,"333,106",+35,566,1,"6,037",101,"3,920,317","69,738","56,215,221 ",Africa,"1669,90114",2,,10
100,Zambia,"333,684",+2,"4,017 ",,"329,652",+8,15,,"17,138",206,"3,750,604","192,633","19,470,234 ",Africa,"584,8475",0.1,,0.8
101,Albania,"332,996",+27,"3,592 ",,"327,805",+16,"1,599",,"116,173","1,253","1,941,032","677,173","2,866,374 ",Europe,97981,9,,558
102,Botswana,"326,344",,"2,790 ",,"322,955",,599,1,"133,684","1,143","2,026,898","830,300","2,441,162 ",Africa,78751,,,245
103,Luxembourg,"297,757",,"1,133 ",,"288,991",,"7,633",,"463,528","1,764","4,412,567","6,869,188","642,371 ",Europe,25670,,,"11,883"
104,Montenegro,"282,911",+68,"2,787 ",+1,"279,631",+67,493,6,"450,531","4,438","2,649,009","4,218,503","627,950 ",Europe,22250,108,2,785
105,Algeria,"270,840",+1,"6,881 ",,"182,428",+2,"81,531",,"5,972",152,"230,861","5,091","45,350,148 ",Africa,"1676,591196",0.02,,"1,798"
106,Nigeria,"266,138",,"3,155 ",,"259,457",,"3,526",11,"1,228",15,"5,441,162","25,104","216,746,934 ",Africa,"81468,70040",,,16
107,Zimbabwe,"257,893",,"5,606 ",,"251,904",,383,12,"16,821",366,"2,525,756","164,744","15,331,428 ",Africa,"592,7356",,,25
108,Uzbekistan,"244,664",+16,"1,637 ",,"241,486",,"1,541",23,"7,116",48,"1,377,915","40,077","34,382,084 ",Asia,"14121,00325",0.5,,45
109,Brunei ,"237,656",,225 ,,"222,140",,"15,291",3,"533,542",505,"717,784","1,611,437","445,431 ",Asia,"21,9801",,,"34,329"
110,Mozambique,"230,475",,"2,224 ",,"228,176",,75,11,"6,965",67,"1,371,127","41,437","33,089,461 ",Africa,"14414,87824",,,2
111,Martinique,"223,728",,"1,047 ",,N/A,N/A,N/A,8,"598,064","2,799","828,928","2,215,870","374,087 ",North America,23570,,,"594,987"
112,Laos,"216,257",+14,758 ,,N/A,N/A,N/A,,"28,907",101,"1,233,207","164,845","7,481,023 ",Asia,"359,8696",2,,"27,782"
113,Iceland,"206,571",,219 ,,N/A,N/A,N/A,2,"598,075",634,"1,996,384","5,780,036","345,393 ",Europe,"21,5770",,,"378,314"
114,Kyrgyzstan,"206,452",,"2,991 ",,"196,406",,"7,055",131,"30,684",445,"1,907,195","283,460","6,728,271 ",Asia,"332,2504",,,"1,049"
115,Afghanistan,"203,265",+56,"7,823 ",,"180,736",+59,"14,706","1,124","4,988",192,"1,135,719","27,867","40,754,388 ",Asia,"2005,21036",1,,361
116,El Salvador,"201,785",,"4,230 ",,"179,410",,"18,145",8,"30,805",646,"2,610,114","398,467","6,550,389 ",North America,"321,5493",,,"2,770"
117,Guadeloupe,"196,270",,993 ,,N/A,N/A,N/A,19,"490,928","2,484","938,039","2,346,306","399,794 ",North America,24030,,,"482,816"
118,Maldives,"185,364",,308 ,,"163,687",,"21,369",25,"342,642",569,"2,213,831","4,092,223","540,985 ",Asia,"31,7560",,,"39,500"
119,Trinidad and Tobago,"184,854",,"4,255 ",,"180,224",,375,8,"131,420","3,025","856,673","609,045","1,406,585 ",North America,83312,,,267
120,Ghana,"170,707",,"1,460 ",,"169,031",,216,2,"5,269",45,"2,516,653","77,685","32,395,450 ",Africa,"19022,18913",,,7
121,Namibia,"169,946",,"4,080 ",,"165,826",,40,,"64,523","1,549","1,062,663","403,460","2,633,874 ",Africa,156462,,,15
122,Uganda,"169,473",,"3,630 ",,"100,431",,"65,412",3,"3,499",75,"3,012,408","62,198","48,432,863 ",Africa,"28613,34216",,,"1,351"
123,Jamaica,"151,931",,"3,320 ",,"99,392",,"49,219",,"50,897","1,112","1,183,986","396,633","2,985,094 ",North America,208993,,,"16,488"
124,Cambodia,"137,993",+1,"3,056 ",,"134,930",+2,7,,"8,038",178,"3,091,420","180,062","17,168,639 ",Asia,"1245,6186",0.06,,0.4
125,Rwanda,"132,584",,"1,467 ",,"131,061",,56,,"9,748",108,"5,841,019","429,472","13,600,464 ",Africa,"1039,2712",,,4
126,Cameroon,"123,629",,"1,960 ",,"118,616",,"3,053",13,"4,429",70,"1,751,774","62,762","27,911,548 ",Africa,"22614,24116",,,109
127,Malta,"115,402",+30,808 ,,"113,874",+35,720,4,"259,895","1,820","2,078,518","4,680,999","444,033 ",Europe,45500,68,,"1,622"
128,Angola,"103,131",,"1,917 ",,"101,155",,59,,"2,944",55,"1,499,795","42,818","35,027,343 ",Africa,"34018,27223",,,2
129,Barbados,"103,014",,560 ,,"102,024",,430,,"357,659","1,944","770,100","2,673,745","288,023 ",North America,35140,,,"1,493"
130,French Guiana,"94,259",,411 ,,"11,254",,"82,594",2,"300,026","1,308","651,257","2,072,951","314,169 ",South America,37640,,,"262,897"
131,Channel Islands,"94,122",,205 ,,"93,313",,604,,"533,381","1,162","1,252,808","7,099,551","176,463 ",Europe,28610,,,"3,423"
132,DRC,"93,086",,"1,445 ",,"83,534",,"8,107",,977,15,"846,704","8,890","95,240,792 ",Africa,"1,02365,911112",,,85
133,Senegal,"88,679",,"1,968 ",,"86,609",,102,,"5,023",111,"1,146,543","64,946","17,653,671 ",Africa,"1998,97015",,,6
134,Malawi,"88,073",,"2,683 ",,"84,974",,416,67,"4,364",133,"619,708","30,708","20,180,839 ",Africa,"2297,52233",,,21
135,Ivory Coast,"87,781",,827 ,,"86,940",,14,,"3,164",30,"1,643,361","59,237","27,742,298 ",Africa,"31633,54617",,,0.5
136,Suriname,"81,228",,"1,392 ",,N/A,N/A,N/A,,"136,099","2,332","239,603","401,459","596,831 ",South America,74292,,,"50,580"
137,French Polynesia,"76,764",+6,649 ,,N/A,N/A,N/A,7,"270,140","2,284",,,"284,164 ",Australia/Oceania,4438,21,,"149,966"
138,New Caledonia,"74,406",,314 ,,"73,915",,177,9,"255,765","1,079","98,964","340,182","290,915 ",Australia/Oceania,49263,,,608
139,Eswatini,"73,558",,"1,422 ",,"72,088",,48,,"62,084","1,200","1,045,903","882,755","1,184,817 ",Africa,168331,,,41
140,Guyana,"71,438",,"1,281 ",,"70,144",+1,13,,"89,967","1,613","702,006","884,088","794,045 ",South America,116201,,,16
141,Belize,"68,957",,687 ,,"68,246",,24,6,"167,294","1,667","576,016","1,397,453","412,190 ",North America,66001,,,58
142,Fiji,"68,264",,878 ,,"66,323",,"1,063",,"75,059",965,"663,953","730,047","909,466 ",Australia/Oceania,"131,0361",,,"1,169"
143,Madagascar,"66,749",,"1,411 ",,"65,285",,53,,"2,288",48,"515,324","17,661","29,178,077 ",Africa,"43720,67957",,,2
144,Sudan,"63,509",+28,"4,972 ",,"57,652",+73,885,,"1,381",108,"562,941","12,240","45,992,020 ",Africa,"7249,25082",0.6,,19
145,Mauritania,"63,380",+6,997 ,,"62,282",+7,101,,"12,929",203,"996,517","203,289","4,901,981 ",Africa,"774,9175",1,,21
146,Cabo Verde,"62,397",,410 ,,"61,923",,64,23,"109,916",722,"401,622","707,482","567,678 ",Africa,"91,3851",,,113
147,Bhutan,"62,380",,21 ,,"61,564",,795,,"79,168",27,"2,303,734","2,923,739","787,941 ",Asia,"1337,5210",,,"1,009"
148,Syria,"57,364",+2,"3,163 ",,"54,191",+2,10,,"2,962",163,"146,269","7,553","19,364,809 ",Asia,"3386,122132",0.1,,0.5
149,Burundi,"50,470",,38 ,,"50,183",,249,,"3,998",3,"345,742","27,386","12,624,840 ",Africa,"250332,23337",,,20
150,Seychelles,"49,035",,171 ,,"47,995",,869,,"493,181","1,720",,,"99,426 ",Africa,2581,,,"8,740"
151,Gabon,"48,945",,306 ,,"48,392",,247,,"20,993",131,"1,619,864","694,763","2,331,533 ",Africa,"487,6191",,,106
152,Andorra,"46,588",+53,155 ,,"46,319",+68,114,14,"601,423","2,001","249,838","3,225,256","77,463 ",Europe,25000,684,,"1,472"
153,Papua New Guinea,"45,518",+53,668 ,,"43,982",,868,7,"4,899",72,"249,149","26,813","9,292,169 ",Australia/Oceania,"20413,91037",6,,93
154,Curaçao,"45,434",,289 ,,"44,720",,425,3,"274,478","1,746","496,693","3,000,640","165,529 ",North America,45730,,,"2,568"
155,Aruba,"43,334",,232 ,,"42,438",,664,2,"402,699","2,156","177,885","1,653,068","107,609 ",North America,24641,,,"6,170"
156,Mauritius,"40,641",,"1,030 ",,"38,957",,654,,"31,882",808,"358,675","281,374","1,274,727 ",Africa,"311,2384",,,513
157,Mayotte,"40,320",,187 ,,N/A,N/A,N/A,,"140,851",653,"176,919","618,038","286,259 ",Africa,"71,5312",,,"129,844"
158,Tanzania,"40,054",,845 ,,N/A,N/A,N/A,7,633,13,,,"63,298,550 ",Africa,"1,58074,910",,,617
159,Togo,"39,304",+4,290 ,,"39,001",+2,13,,"4,528",33,"798,088","91,937","8,680,837 ",Africa,"22129,93411",0.5,,1
160,Guinea,"38,047",,456 ,,"37,118",,473,8,"2,744",33,"660,107","47,607","13,865,691 ",Africa,"36430,40721",,,34
161,Isle of Man,"38,008",,116 ,,N/A,N/A,N/A,,"443,335","1,353","150,753","1,758,422","85,732 ",Europe,27391,,,"129,450"
162,Bahamas,"37,386",,833 ,,"36,270",,283,2,"93,345","2,080","256,731","641,001","400,516 ",North America,114812,,,707
163,Faeroe Islands,"34,658",,28 ,,N/A,N/A,N/A,5,"703,959",569,"778,000","15,802,409","49,233 ",Europe,"11,7580",,,"547,133"
164,Lesotho,"34,490",,706 ,,"25,980",,"7,804",,"15,852",324,"431,221","198,199","2,175,699 ",Africa,"633,0825",,,"3,587"
165,Haiti,"33,811",,857 ,,"32,177",,777,,"2,895",73,"132,422","11,337","11,680,283 ",North America,"34513,62988",,,67
166,Mali,"32,737",+2,742 ,,"31,906",+6,89,,"1,525",35,"770,236","35,869","21,473,764 ",Africa,"65628,94028",0.09,,4
167,Cayman Islands,"31,006",,34 ,,"8,553",,"22,419",1,"460,871",505,"222,773","3,311,280","67,277 ",North America,"21,9790",,,"333,234"
168,Saint Lucia,"29,550",,404 ,,"29,095",,51,,"159,632","2,182","210,983","1,139,752","185,113 ",North America,64581,,,276
169,Benin,"27,782",,163 ,,"27,464",,155,5,"2,173",13,"604,310","47,268","12,784,726 ",Africa,"46078,43421",,,12
170,Somalia,"27,243",+6,"1,361 ",,"13,182",,"12,700",,"1,618",81,"400,466","23,778","16,841,795 ",Africa,"61812,37542",0.4,,754
171,Congo,"24,837",,386 ,,"24,006",,445,,"4,284",67,"347,815","59,991","5,797,805 ",Africa,"23315,02017",,,77
172,Timor-Leste,"23,303",+2,138 ,,"23,102",,63,,"17,017",101,"278,529","203,391","1,369,429 ",Asia,"599,9235",1,,46
173,Micronesia,"22,203",,55 ,,N/A,N/A,N/A,1,"188,979",468,"21,923","186,596","117,489 ",Australia/Oceania,"52,1365",,,"187,030"
174,Burkina Faso,"21,631",,387 ,,"21,143",,101,,979,18,"248,995","11,265","22,102,838 ",Africa,"1,02257,11389",,,5
175,San Marino,"21,604",,119 ,,"21,313",,172,4,"633,827","3,491","157,634","4,624,732","34,085 ",Europe,22860,,,"5,046"
176,Solomon Islands,"21,544",,153 ,,"16,357",,"5,034",1,"29,874",212,"5,117","7,096","721,159 ",Australia/Oceania,"334,713141",,,"6,980"
177,Liechtenstein,"20,626",,87 ,,"20,434",,105,,"537,317","2,266","102,174","2,661,682","38,387 ",Europe,24410,,,"2,735"
178,Gibraltar,"20,121",,108 ,,"16,579",,"3,434",,"596,991","3,204","534,283","15,852,213","33,704 ",Europe,23120,,,"101,887"
179,Grenada,"19,536",,237 ,,"19,248",,51,4,"172,161","2,089","179,808","1,584,560","113,475 ",North America,64791,,,449
180,Nicaragua,"18,491",,225 ,,"4,225",,"14,041",,"2,728",33,,,"6,779,100 ",North America,"36730,129",,,"2,071"
181,Bermuda,"18,428",+88,149 ,+1,"18,244",+117,35,,"297,519","2,406","1,017,514","16,427,679","61,939 ",North America,34160,"1,421",16,565
182,South Sudan,"18,318",+495,138 ,,"18,115",+780,65,1,"1,577",12,"410,280","35,313","11,618,511 ",Africa,"63484,19228",43,,6
183,Tajikistan,"17,786",,125 ,,"17,264",,397,,"1,786",13,,,"9,957,464 ",Asia,"56079,660",,,40
184,Equatorial Guinea,"17,174",+1,183 ,,"16,837",+1,154,5,"11,475",122,"365,697","244,342","1,496,662 ",Africa,"878,1784",0.7,,103
185,Tonga,"16,182",,12 ,,"15,638",,532,,"150,182",111,"535,009","4,965,327","107,749 ",Australia/Oceania,"78,9790",,,"4,937"
186,Samoa,"15,946",,29 ,,"1,605",,"14,312",4,"78,847",143,"187,397","926,612","202,239 ",Australia/Oceania,"136,9741",,,"70,768"
187,Dominica,"15,760",,74 ,,"15,673",,13,,"217,848","1,023","229,344","3,170,187","72,344 ",North America,59780,,,180
188,Djibouti,"15,690",,189 ,,"15,427",,74,,"15,441",186,"305,941","301,094","1,016,097 ",Africa,"655,3763",,,73
189,Marshall Islands,"15,389",,17 ,,"15,358",,14,22,"256,240",283,,,"60,057 ",Australia/Oceania,"43,533",,,233
190,CAR,"15,260",,113 ,,"14,615",,532,2,"3,042",23,"81,294","16,205","5,016,678 ",Africa,"32944,39562",,,106
191,Monaco,"14,963",,63 ,,"14,850",,50,4,"376,115","1,584","78,646","1,976,875","39,783 ",Europe,36311,,,"1,257"
192,Gambia,"12,580",,372 ,,"12,174",,34,,"4,917",145,"155,686","60,851","2,558,482 ",Africa,"2036,87816",,,13
193,Saint Martin,"12,026",,63 ,,"1,399",,"10,564",7,"302,693","1,586","112,382","2,828,643","39,730 ",North America,36310,,,"265,895"
194,Greenland,"11,971",,21 ,,"2,761",,"9,189",4,"210,117",369,"164,926","2,894,810","56,973 ",North America,"52,7130",,,"161,287"
195,Vanuatu,"11,952",,14 ,,"11,937",,1,,"37,137",44,"24,976","77,606","321,832 ",Australia/Oceania,"2722,98813",,,3
196,Yemen,"11,939",,"2,158 ",,"9,124",,657,23,383,69,"329,592","10,579","31,154,867 ",Asia,"2,61014,43795",,,21
197,Caribbean Netherlands,"11,338",,36 ,,"10,476",,826,,"425,489","1,351","30,126","1,130,559","26,647 ",North America,27401,,,"30,998"
198,Sint Maarten,"10,931",,89 ,,"10,833",,9,,"248,624","2,024","62,056","1,411,454","43,966 ",North America,44941,,,205
199,Eritrea,"10,189",,103 ,,"10,085",,1,,"2,782",28,"23,693","6,470","3,662,244 ",Africa,"35935,556155",,,0.3
200,Niger,"9,931",,312 ,,"8,890",,729,1,381,12,"254,538","9,759","26,083,660 ",Africa,"2,62683,601102",,,28
201,Antigua and Barbuda,"9,106",,146 ,,"8,954",,6,1,"91,509","1,467","18,901","189,943","99,509 ",North America,116825,,,60
202,Guinea-Bissau,"8,848",,176 ,,"8,642",,30,6,"4,288",85,"145,231","70,385","2,063,367 ",Africa,"23311,72414",,,15
203,Comoros,"8,762",,161 ,,"8,421",,180,,"9,656",177,,,"907,419 ",Africa,"1045,636",,,198
204,Liberia,"7,996",,294 ,,"7,694",,8,2,"1,507",55,"139,824","26,356","5,305,117 ",Africa,"66318,04538",,,2
205,Sierra Leone,"7,754",,126 ,,N/A,N/A,N/A,,933,15,"259,958","31,296","8,306,436 ",Africa,"1,07165,92432",,,330
206,Chad,"7,627",,194 ,,"4,874",,"2,559",,438,11,"191,341","10,988","17,413,580 ",Africa,"2,28389,76191",,,147
207,British Virgin Islands,"7,305",,64 ,,N/A,N/A,N/A,,"238,757","2,092","107,339","3,508,269","30,596 ",North America,44780,,,392
208,St. Vincent Grenadines,"7,112",,115 ,,"6,641",,356,,"63,756","1,031","100,856","904,125","111,551 ",North America,169701,,,"3,191"
209,Saint Kitts and Nevis,"6,548",,46 ,,"6,482",,20,,"121,550",854,"124,861","2,317,778","53,871 ",North America,"81,1710",,,371
210,Turks and Caicos,"6,429",,36 ,,"6,364",,29,4,"161,772",906,"550,093","13,841,952","39,741 ",North America,"61,1040",,,730
211,Cook Islands,"6,389",,1 ,,"6,384",,4,,"363,610",57,"19,690","1,120,596","17,571 ",Australia/Oceania,"317,5711",,,228
212,Sao Tome and Principe,"6,270",,77 ,,"6,189",,4,,"27,539",338,"29,036","127,530","227,679 ",Africa,"362,9578",,,18
213,Palau,"5,513",,7 ,,"5,499",,7,1,"302,364",384,"65,638","3,599,956","18,233 ",Australia/Oceania,"32,6050",,,384
214,St. Barth,"5,323",,6 ,,N/A,N/A,N/A,,"535,244",603,"78,646","7,908,095","9,945 ",North America,"21,6580",,,"488,185"
215,Nauru,"4,611",,1 ,,"4,605",,5,,"422,911",92,"20,509","1,881,042","10,903 ",Australia/Oceania,"210,9031",,,459
216,Anguilla,"3,866",,12 ,,"3,849",,5,4,"253,841",788,"51,382","3,373,736","15,230 ",North America,"41,2690",,,328
217,Kiribati,"3,430",,13 ,,"2,703",,714,3,"27,792",105,,,"123,419 ",Australia/Oceania,"369,494",,,"5,785"
218,Saint Pierre Miquelon,"3,231",,1 ,,"2,449",,781,1,"561,035",174,"25,120","4,361,868","5,759 ",North America,"25,7590",,,"135,614"
219,Falkland Islands,"1,930",, ,,"1,930",,0,,"545,352",,"8,632","2,439,107","3,539 ",South America,20,,,
220,Saint Helena,"1,800",, ,,2,,"1,798",,"294,358",,,,"6,115 ",Africa,3,,,"294,031"
221,Montserrat,"1,403",,8 ,,"1,376",,19,,"282,578","1,611","17,762","3,577,442","4,965 ",North America,46210,,,"3,827"
222,Macao,795,,6 ,,787,,2,,"1,191",9,"7,850","11,760","667,490 ",Asia,"840111,24885",,,3
223,Wallis and Futuna,761,,7 ,,438,,316,,"69,295",637,"20,508","1,867,419","10,982 ",Australia/Oceania,"141,5691",,,"28,774"
224,Diamond Princess,712,,13 ,,699,,0,,,,,, ,,,,,
225,Niue,85,, ,,83,,2,,"52,404",,,,"1,622 ",Australia/Oceania,19,,,"1,233"
226,Vatican City,29,, ,,29,,0,,"36,295",,,,799 ,Europe,28,,,
227,Tuvalu,23,, ,,,,23,,"1,906",,,,"12,066 ",Australia/Oceania,525,,,"1,906"
228,Western Sahara,10,,1 ,,9,,0,,16,2,,,"626,161 ",Africa,"62,616626,161",,,
229,MS Zaandam,9,,2 ,,7,,0,,,,,, ,,,,,
230,China,"260,971",+465,"5,226 ",,"250,891",+249,"4,854",28,180,4,"160,000,000","110,461","1,448,471,400 ",Asia,"5,550277,1669",0.3,,3
